{"_type":"export","__export_format":4,"__export_date":"2023-08-11T18:31:13.929Z","__export_source":"insomnia.desktop.app:v2023.4.0","resources":[{"_id":"req_cf8e741321204a6d916682f105a38daa","parentId":"fld_e33466bcf2e14fb6932b21820ad5181c","modified":1691776519938,"created":1691776188132,"url":"localhost:3333/sales","name":"New Request","description":"","method":"GET","body":{},"parameters":[],"headers":[],"authentication":{"type":"bearer","token":"{{ _.AUTH_TOKEN }}"},"metaSortKey":-1691776188132,"isPrivate":false,"settingStoreCookies":true,"settingSendCookies":true,"settingDisableRenderRequestBody":false,"settingEncodeUrl":true,"settingRebuildPath":true,"settingFollowRedirects":"global","_type":"request"},{"_id":"fld_e33466bcf2e14fb6932b21820ad5181c","parentId":"wrk_75c399ccdce846baa9d7f71dc6e85f0a","modified":1691776170078,"created":1691776170078,"name":"Sales","description":"","environment":{},"environmentPropertyOrder":null,"metaSortKey":-1691776170078,"_type":"request_group"},{"_id":"wrk_75c399ccdce846baa9d7f71dc6e85f0a","parentId":null,"modified":1691776236366,"created":1691774476367,"name":"explorer-stock-api","description":"","scope":"collection","_type":"workspace"},{"_id":"req_feea0124bbed46029cb614b172ea877a","parentId":"fld_c3ed3e2c7645420592b697d9c27e60b3","modified":1691776535355,"created":1691776072645,"url":"localhost:3333/products","name":"Create","description":"","method":"POST","body":{"mimeType":"application/json","text":"{\n\t\"name\": \"Produto XPTO\",\n\t\"price\": 34.99\n}"},"parameters":[],"headers":[{"name":"Content-Type","value":"application/json"}],"authentication":{"type":"bearer","token":"{{ _.AUTH_TOKEN }}"},"metaSortKey":-1691775692473,"isPrivate":false,"settingStoreCookies":true,"settingSendCookies":true,"settingDisableRenderRequestBody":false,"settingEncodeUrl":true,"settingRebuildPath":true,"settingFollowRedirects":"global","_type":"request"},{"_id":"fld_c3ed3e2c7645420592b697d9c27e60b3","parentId":"wrk_75c399ccdce846baa9d7f71dc6e85f0a","modified":1691776177030,"created":1691776148231,"name":"Products","description":"","environment":{},"environmentPropertyOrder":null,"metaSortKey":-1691776148231,"_type":"request_group"},{"_id":"req_f6e7650eff904374ac950723a5b87861","parentId":"fld_c3ed3e2c7645420592b697d9c27e60b3","modified":1691776547855,"created":1691776045165,"url":"localhost:3333/products","name":"Get","description":"","method":"GET","body":{},"parameters":[],"headers":[],"authentication":{"type":"bearer","token":"{{ _.AUTH_TOKEN }}"},"metaSortKey":-1691775692423,"isPrivate":false,"settingStoreCookies":true,"settingSendCookies":true,"settingDisableRenderRequestBody":false,"settingEncodeUrl":true,"settingRebuildPath":true,"settingFollowRedirects":"global","_type":"request"},{"_id":"req_a4f642c032944ade943e397410b7e7b9","parentId":"fld_c72e06171efd4d0398f1048c7e5ae100","modified":1691778482051,"created":1691775339781,"url":"localhost:3333/sessions","name":"Create","description":"","method":"POST","body":{"mimeType":"application/json","text":"{\n\t\"email\": \"rodrigo@email.com\",\n\t\"password\": \"123\"\n}"},"parameters":[],"headers":[{"name":"Content-Type","value":"application/json"}],"authentication":{},"metaSortKey":-1691776069502.125,"isPrivate":false,"settingStoreCookies":true,"settingSendCookies":true,"settingDisableRenderRequestBody":false,"settingEncodeUrl":true,"settingRebuildPath":true,"settingFollowRedirects":"global","_type":"request"},{"_id":"fld_c72e06171efd4d0398f1048c7e5ae100","parentId":"wrk_75c399ccdce846baa9d7f71dc6e85f0a","modified":1691776181038,"created":1691776125558,"name":"Sessions","description":"","environment":{},"environmentPropertyOrder":null,"metaSortKey":-1691776125558,"_type":"request_group"},{"_id":"req_49e806dacb53491f8e5a592ad0a8b7b1","parentId":"fld_5d26b473084b467fbcfff9269de0d317","modified":1691778437437,"created":1691774488597,"url":"localhost:3333/users","name":"Create","description":"","method":"POST","body":{"mimeType":"application/json","text":"{\n\t\"name\": \"João Santos\",\n\t\"email\": \"joao@email.com\",\n\t\"password\": \"123\"\n}"},"parameters":[],"headers":[{"name":"Content-Type","value":"application/json"}],"authentication":{},"metaSortKey":-1691776101951.625,"isPrivate":false,"settingStoreCookies":true,"settingSendCookies":true,"settingDisableRenderRequestBody":false,"settingEncodeUrl":true,"settingRebuildPath":true,"settingFollowRedirects":"global","_type":"request"},{"_id":"fld_5d26b473084b467fbcfff9269de0d317","parentId":"wrk_75c399ccdce846baa9d7f71dc6e85f0a","modified":1691776185078,"created":1691776110064,"name":"Users","description":"","environment":{},"environmentPropertyOrder":null,"metaSortKey":-1691776110064,"_type":"request_group"},{"_id":"env_472f65fc40015676b9efca89962b1ba28e60f818","parentId":"wrk_75c399ccdce846baa9d7f71dc6e85f0a","modified":1691776382237,"created":1691774476372,"name":"Base Environment","data":{},"dataPropertyOrder":{},"color":null,"isPrivate":false,"metaSortKey":1691774476372,"_type":"environment"},{"_id":"jar_472f65fc40015676b9efca89962b1ba28e60f818","parentId":"wrk_75c399ccdce846baa9d7f71dc6e85f0a","modified":1691774476375,"created":1691774476375,"name":"Default Jar","cookies":[],"_type":"cookie_jar"},{"_id":"env_6f7368c1a714403084f877b53a03f5f1","parentId":"env_472f65fc40015676b9efca89962b1ba28e60f818","modified":1691776517629,"created":1691776382915,"name":"dev","data":{"AUTH_TOKEN":"{% response 'body', 'req_a4f642c032944ade943e397410b7e7b9', 'b64::JC50b2tlbg==::46b', 'never', 60 %}"},"dataPropertyOrder":{"&":["AUTH_TOKEN"]},"color":"#44ff00","isPrivate":false,"metaSortKey":1691776382915,"_type":"environment"}]}